{"cameraMode":{"drawMode":0,"name":"Shaded","section":"Shading Mode"},"sceneLighting":false,"audioPlay":false,"sceneViewState":{"showFog":true,"showMaterialUpdate":false,"showSkybox":true,"showFlares":true,"showImageEffects":true,"showParticleSystems":true},"in2DMode":false,"pivot":{"x":1.8010480403900147,"y":0.10638431459665299,"z":-0.197265625},"rotation":{"x":-0.19039851427078248,"y":0.5888127684593201,"z":-0.1452222317457199,"w":-0.77198326587677},"size":7.736823558807373,"orthographic":false}